[{"id":"1718988980570","companyName":"hello hello","name":"Kushan","action":"URL updated","timestamp":"2024-06-21T17:37:43.107Z","details":"Updated to: https://altair.streamerr.co/stream/8056"},{"id":"1718988980570","companyName":"hello hello","name":"Kushan","action":"Schedule updated","timestamp":"2024-06-21T17:38:37.652Z","details":"Schedule updated"},{"id":"1718988980570","companyName":"hello hello","name":"Kushan","action":"Schedule updated","timestamp":"2024-06-21T17:39:44.997Z","details":"Schedule updated"},{"id":"1718988980570","companyName":"hello hello 1","name":"Kushan","action":"Company name updated","timestamp":"2024-06-21T17:47:10.340Z","details":"Updated to: hello hello 1"},{"id":1718992052880,"companyName":"Se11","name":"Kushan Abeysinghe","action":"Account created","timestamp":"2024-06-21T17:47:32.996Z","details":"Initial subscription plan: 3 Months"},{"id":"1718988980570","companyName":"hello hello 1","name":"Kushan","action":"Alarm blocked","timestamp":"2024-06-21T17:49:19.297Z","details":"Alarm was blocked"},{"id":"1718988980570","companyName":"hello hello 1","name":"Kushan","action":"Alarm unblocked","timestamp":"2024-06-21T17:49:20.376Z","details":"Alarm was unblocked"},{"id":"1718872529884","companyName":"In4Gen Solutionss","name":"Jay","action":"Alarm blocked","timestamp":"2024-06-21T17:49:21.838Z","details":"Alarm was blocked"},{"id":"1718872529884","companyName":"In4Gen Solutionss","name":"Jay","action":"Alarm unblocked","timestamp":"2024-06-21T17:49:23.372Z","details":"Alarm was unblocked"},{"id":"1718992052880","companyName":"Se11","name":"Kushan Abeysinghe","action":"Alarm unblocked","timestamp":"2024-06-21T17:49:40.292Z","details":"Alarm was unblocked"},{"id":"1718988980570","companyName":"hello hello","name":"Kushan","action":"Company name updated","timestamp":"2024-06-21T17:50:26.164Z","details":"Updated to: hello hello"},{"id":"1718988980570","companyName":"hello hello","name":"Kushan","action":"Track uploaded","timestamp":"2024-06-21T17:53:05.561Z","details":"Track: NBUK26X-alarm.mp3 uploaded"},{"id":"1718988980570","companyName":"hello hello","name":"Kushan","action":"Schedule updated","timestamp":"2024-06-21T17:53:15.530Z","details":"Schedule updated"},{"id":"1718988980570","companyName":"hello hello","name":"Kushan","action":"Schedule updated","timestamp":"2024-06-21T17:55:23.546Z","details":"Schedule updated"},{"id":"1718988980570","companyName":"hello hello","name":"Kushan","action":"Schedule updated","timestamp":"2024-06-21T17:56:45.458Z","details":"Schedule updated"},{"id":"1718988980570","companyName":"hello hello","name":"Kushan","action":"Track uploaded","timestamp":"2024-06-21T17:56:53.428Z","details":"Track: MV27TES-alarm.mp3 uploaded"}]
