[{"id":1718872529884,"name":"Jay","url":"https://altair.streamerr.co/stream/8056","companyName":"In4Gen Solutionss","email":"kushjayamal@gmail.com","logo":"5e9d32470929f769c83eea64249de5be","blocked":false,"alarmBlocked":false,"subscriptionPlan":"1 Month","createdDate":"2024-07-22T08:40:23.283Z","expirationDate":"2024-06-22T08:40:23.283Z","history":[{"action":"Name updated","timestamp":"2024-06-21T16:52:36.581Z","details":"Updated to: Jay1"}]},{"id":1718988980570,"name":"Kushan","url":"https://altair.streamerr.co/stream/8056","companyName":"hello hello","email":"kushjal@gmail.com","logo":"407af228000f0f78f67782305abd8b0e","blocked":false,"alarmBlocked":false,"subscriptionPlan":"1 Month","createdDate":"2024-06-21T17:02:57.348Z","expirationDate":"2024-07-21T17:02:57.348Z"},{"id":1718992052880,"name":"Kushan Abeysinghe","url":"https://altair.streamerr.co/stream/8056","companyName":"Se11","email":"kushjayamal@gmail.com","logo":null,"blocked":false,"alarmBlocked":false,"subscriptionPlan":"3 Months","createdDate":"2024-06-21T17:47:32.880Z","expirationDate":"2024-09-19T17:47:32.880Z"}]
