[{"username":"1234","password":"$2b$10$VJRdSZDjn73QPtM9iA/uNu03kyqtzuMv41RCC/fkd/zYNVPl9v5wS","radioProfileId":1718817269230},{"username":"123","password":"$2b$10$PtfFy7YGJUtLMb7.lm0cYO8lencDVr4VoC5NTKQwxGHxSvgaR4wRO","radioProfileId":1718817823908},{"username":"jay","password":"$2b$10$0nQZ0aHUOOuWCuja.4Okfui0PnpSX6Gj2NiXKnP.4HPjRkH95v2X2","radioProfileId":1718872529884},{"username":"admin","password":"$2b$10$GI.cVXCWafCyAC86y/yRIuEeb5W8bOT5bsnvczerkYJfssU4vBbUy","radioProfileId":1718988980570},{"username":"admin","password":"$2b$10$oeAZ2ZyDglsZKN6x2mz2OO83eC7CEI2G6dqaCcLt4/j10fwaY/51i","radioProfileId":1718992052880}]
